Jogo,Ano,Genero,Estudio,America_do_Norte,Europa,Japao,Outros_paises,Global
Grand Theft Auto V,2014,Action,Rockstar Games,6.060,9.710,0.600,3.020,19.390
Call of Duty: Black Ops 3,2015,Shooter,Activision,6.180,6.050,0.410,2.440,15.090
Red Dead Redemption 2,2018,Action-Adventure,Rockstar Games,5.260,6.210,0.210,2.260,13.940
Call of Duty: WWII,2017,Shooter,Activision,4.670,6.210,0.400,2.120,13.400
FIFA 18,2017,Sports,EA Sports,1.270,8.640,0.150,1.730,11.800
FIFA 17,2016,Sports,Electronic Arts,1.260,7.950,0.120,1.610,10.940
Uncharted (PS4),2016,Action,Sony Interactive Entertainment,4.490,3.930,0.210,1.700,10.330
Spider-Man (PS4),2018,Action-Adventure,Sony Interactive Entertainment,3.640,3.390,0.320,1.410,8.760
Call of Duty: Infinite Warfare,2016,Shooter,Activision,3.110,3.830,0.190,1.360,8.480
Fallout 4,2015,Role-Playing,Bethesda Softworks,2.910,3.970,0.270,1.340,8.480
FIFA 16,2015,Sports,EA Sports,1.150,5.770,0.070,1.230,8.220
Star Wars Battlefront 2015,2015,Shooter,Electronic Arts,3.310,3.190,0.230,1.300,8.030
Call of Duty: Advanced Warfare,2014,Shooter,Activision,2.840,3.340,0.140,1.220,7.530
Battlefield 1,2016,Shooter,Electronic Arts,2.200,3.650,0.290,1.120,7.260
The Last of Us,2014,Action-Adventure,Sony Computer Entertainment,2.700,2.860,0.110,1.100,6.770
MineCraft,2014,Misc,Sony Computer Entertainment,1.890,3.130,0.350,0.960,6.330
FIFA 15,2014,Sports,EA Sports,0.830,4.490,0.050,0.940,6.320
God of War (PS4),2018,Action,Sony Interactive Entertainment,2.830,2.170,0.130,1.020,6.150
Horizon: Zero Dawn,2017,Action,Sony Interactive Entertainment,2.200,2.430,0.280,0.920,5.820
Destiny,2014,Shooter,Activision,2.530,2.130,0.160,0.940,5.760
Uncharted: The Nathan Drake Collection,2015,Action,Sony Computer Entertainment,2.550,2.110,0.100,0.940,5.700
The Witcher 3: Wild Hunt,2015,Role-Playing,Namco Bandai Games,1.480,2.820,0.280,0.810,5.390
Final Fantasy XV,2016,Role-Playing,Square Enix,1.810,1.530,1.050,0.680,5.070
Crash Bandicoot N. Sane Trilogy,2017,Platform,Activision,1.090,2.920,0.070,0.740,4.830
Monster Hunter: World,2018,Action,Capcom,1.030,1.060,2.170,0.420,4.670
Overwatch,2016,Shooter,Blizzard Entertainment,1.840,1.800,0.170,0.730,4.540
Star Wars Battlefront II (2017),2017,Shooter,Electronic Arts,1.700,1.990,0.120,0.730,4.530
Tom Clancy's The Division,2016,Shooter,Ubisoft,1.490,2.040,0.160,0.690,4.370
Tom Clancy's Rainbow Six: Siege,2015,Shooter,Ubisoft,1.290,2.060,0.360,0.640,4.360
Watch Dogs,2014,Action-Adventure,Ubisoft,1.400,2.130,0.110,0.680,4.320
Call of Duty: Ghosts,2013,Shooter,Activision,1.790,1.640,0.050,0.690,4.170
Assassin's Creed: Unity,2014,Action,Ubisoft,1.250,2.160,0.090,0.650,4.140
Destiny 2,2017,Shooter,Activision,1.920,1.440,0.100,0.690,4.140
Batman: Arkham Knight,2015,Action,Warner Bros. Interactive,1.650,1.680,0.110,0.660,4.110
Assassin's Creed Origins,2017,Action,Ubisoft,1.220,2.110,0.110,0.630,4.060
Far Cry 4,2014,Shooter,Ubisoft,1.180,2.140,0.110,0.630,4.060
NBA 2K16,2015,Sports,2K Sports,2.560,0.660,0.050,0.710,3.980
Far Cry 5,2018,Action,Ubisoft,1.440,1.730,0.150,0.620,3.950
Battlefield 4,2013,Shooter,Electronic Arts,1.400,1.740,0.190,0.620,3.940
Gran Turismo Sport,2017,Racing,Sony Interactive Entertainment,0.630,2.350,0.240,0.540,3.770
Assassin's Creed Syndicate,2015,Action,Ubisoft,0.900,2.060,0.080,0.550,3.600
NBA 2K17,2016,Sports,2K Sports,2.280,0.590,0.030,0.630,3.520
Mortal Kombat X,2015,Fighting,Warner Bros. Interactive Entertainment,1.940,0.940,0.000,0.610,3.490
FIFA Soccer 14,2013,Sports,EA Sports,0.620,2.180,0.120,0.510,3.430
The Elder Scrolls V: Skyrim,2016,Role-Playing,Bethesda Softworks,1.240,1.500,0.080,0.540,3.360
Watch Dogs 2,2016,Action,Ubisoft,0.980,1.740,0.120,0.520,3.360
NBA 2K18,2017,Sports,2K Sports,2.130,0.570,0.040,0.590,3.340
Resident Evil VII: Biohazard,2017,Action,Capcom,0.880,1.560,0.410,0.460,3.310
Madden NFL 16,2015,Sports,EA Sports,2.390,0.310,0.000,0.610,3.300
Madden NFL 17,2016,Sports,EA Sports,2.300,0.370,0.000,0.600,3.280
Middle-Earth: Shadow of Mordor,2014,Action,Warner Bros. Interactive Entertainment,1.030,1.600,0.050,0.510,3.190
Assassin's Creed IV: Black Flag,2013,Action-Adventure,Ubisoft,1.070,1.550,0.060,0.510,3.190
Tom Clancy's Ghost Recon Wildlands,2017,Shooter,Ubisoft,1.070,1.350,0.220,0.470,3.120
Bloodborne,2015,Role-Playing,Sony Computer Entertainment,1.300,1.050,0.280,0.480,3.110
Metal Gear Solid V: The Phantom Pain,2015,Action,Konami Digital Entertainment,0.970,1.150,0.500,0.420,3.040
Killzone: Shadow Fall,2013,Shooter,Sony Computer Entertainment,0.890,1.580,0.080,0.470,3.020
inFAMOUS: Second Son,2014,Action-Adventure,Sony Computer Entertainment,1.350,1.090,0.070,0.500,3.010
Doom (2016),2016,Shooter,Bethesda Softworks,0.930,1.480,0.040,0.460,2.920
Mafia III,2016,Action-Adventure,2K Games,0.720,1.670,0.040,0.440,2.870
Diablo III,2014,Role-Playing,Blizzard Entertainment,0.830,1.480,0.080,0.440,2.820
Far Cry: Primal,2016,Action-Adventure,Ubisoft,0.630,1.610,0.070,0.410,2.730
Need for Speed (2015),2015,Racing,Electronic Arts,0.590,1.660,0.060,0.410,2.720
Madden NFL 18,2017,Sports,EA Sports,1.730,0.420,0.000,0.470,2.620
NBA 2K15,2014,Sports,2K Sports,1.490,0.550,0.010,0.440,2.490
Dying Light,2015,Action,Warner Bros. Interactive,1.180,0.740,0.130,0.400,2.450
Dark Souls III,2016,Role-Playing,Namco Bandai Games,1.000,0.630,0.440,0.340,2.420
Ratchet & Clank (2016),2016,Platform,Sony Interactive Entertainment,0.970,0.970,0.060,0.390,2.380
DriveClub,2014,Racing,Sony Computer Entertainment,0.370,1.630,0.020,0.360,2.370
Uncharted: The Lost Legacy,2017,Action,Sony Interactive Entertainment,0.580,1.380,0.040,0.360,2.370
Dragon Age III: Inquisition,2014,Role-Playing,Electronic Arts,1.070,0.800,0.080,0.380,2.340
No Man's Sky,2016,Action-Adventure,Hello Games,0.890,0.970,0.040,0.370,2.260
Madden NFL 15,2014,Sports,EA Sports,1.580,0.250,0.000,0.410,2.250
Need for Speed: Payback,2017,Racing,Electronic Arts,0.620,1.180,0.040,0.340,2.180
Destiny: The Taken King,2015,Shooter,Activision,0.970,0.800,0.050,0.360,2.180
Need for Speed Rivals,2013,Racing,Electronic Arts,0.750,1.040,0.030,0.350,2.170
PlayStation VR Worlds,2016,Misc,Sony Interactive Entertainment,0.360,1.400,0.090,0.320,2.160
Battlefield: Hardline,2015,Shooter,Electronic Arts,0.720,0.970,0.140,0.330,2.150
Rise of the Tomb Raider,2016,Adventure,Square Enix,0.610,1.080,0.050,0.320,2.070
LittleBigPlanet 3,2014,Platform,Sony Computer Entertainment,0.780,0.930,0.010,0.340,2.060
The Elder Scrolls Online,2015,MMO,Bethesda Softworks,0.740,0.980,0.000,0.330,2.050
Middle-Earth: Shadow of War,2017,Action,Warner Bros. Interactive Entertainment,0.820,0.840,0.060,0.330,2.040
Dragon Quest XI,2017,Role-Playing,Square Enix,0.290,0.220,1.430,0.100,2.040
Rocket League,2016,Sports,505 Games,0.370,1.340,0.000,0.310,2.020
Just Cause 3,2015,Action-Adventure,Square Enix,0.530,1.070,0.090,0.300,1.980
Dishonored 2,2016,Action,Bethesda Softworks,0.620,1.020,0.010,0.310,1.970
Lego Marvel Super Heroes,2013,Action,Warner Bros. Interactive Entertainment,0.590,1.000,0.010,0.300,1.910
Until Dawn,2015,Adventure,Sony Computer Entertainment,0.620,0.920,0.060,0.300,1.900
Knack,2013,Platform,Sony Computer Entertainment,0.450,0.770,0.420,0.230,1.880
The Evil Within,2014,Action,Bethesda Softworks,0.560,0.900,0.110,0.280,1.860
The Crew,2014,Racing,Ubisoft,0.440,1.040,0.030,0.270,1.790
Kingdom Hearts 1.5 + 2.5 Remix,2017,Role-Playing,Square Enix,0.750,0.510,0.230,0.260,1.750
For Honor,2017,Action,Ubisoft,0.730,0.660,0.070,0.280,1.750
Titanfall 2,2016,Shooter,Electronic Arts,0.750,0.620,0.060,0.280,1.720
Injustice 2,2017,Fighting,Warner Bros. Interactive Entertainment,0.880,0.540,0.000,0.290,1.720
NieR Automata,2017,Role-Playing,Square Enix,0.560,0.510,0.420,0.220,1.710
Tekken 7,2017,Fighting,Namco Bandai Games,0.600,0.720,0.120,0.260,1.700
Persona 5,2016,Role-Playing,Deep Silver,0.620,0.340,0.480,0.200,1.640
The Order: 1886,2015,Shooter,Sony Computer Entertainment,0.440,0.860,0.070,0.250,1.620
Wolfenstein: The New Order,2014,Shooter,Bethesda Softworks,0.480,0.840,0.030,0.250,1.610
Detroit: Become Human,2018,Adventure,Sony Interactive Entertainment,0.550,0.670,0.120,0.240,1.570
Naruto Shippuden: Ultimate Ninja Storm 4,2016,Fighting,Namco Bandai Games,0.710,0.470,0.120,0.240,1.540
NBA 2K14,2013,Sports,2K Sports,0.910,0.350,0.010,0.270,1.540
Tomb Raider (2013),2014,Action-Adventure,Square Enix,0.470,0.740,0.060,0.230,1.510
Dragon Ball: Xenoverse 2,2016,Action,Namco Bandai Games,0.540,0.590,0.140,0.230,1.500
Rayman Legends,2014,Platform,Ubisoft,0.220,1.050,0.000,0.230,1.500
Mass Effect: Andromeda,2017,Role-Playing,Electronic Arts,0.580,0.670,0.000,0.250,1.490
Dragon Ball Fighter Z,2018,Fighting,Namco Bandai Games,0.610,0.510,0.120,0.230,1.460
South Park: The Fractured But Whole,2017,Role-Playing,Ubisoft,0.620,0.570,0.000,0.240,1.430
The Sims 4,2017,Simulation,Electronic Arts,0.440,0.720,0.010,0.220,1.390
Street Fighter V,2016,Fighting,Capcom,0.640,0.420,0.120,0.220,1.390
Wolfenstein II: The New Colossus,2017,Shooter,Bethesda Softworks,0.550,0.580,0.010,0.220,1.360
WWE 2K18,2017,Sports,2K Sports,0.450,0.670,0.000,0.220,1.330
Lego Star Wars: The Force Awakens,2016,Action-Adventure,Warner Bros. Interactive Entertainment,0.300,0.780,0.020,0.200,1.310
EA Sports UFC 2,2016,Sports,EA Sports,0.440,0.650,0.000,0.210,1.310
The Last Guardian,2016,Action-Adventure,Sony Interactive Entertainment,0.400,0.580,0.130,0.190,1.290
WWE 2K16,2015,Sports,Take-Two Interactive,0.430,0.650,0.000,0.210,1.290
Borderlands: The Handsome Collection,2015,Shooter,2K Games,0.690,0.340,0.030,0.220,1.280
Project CARS,2015,Racing,Bandai Namco Games,0.290,0.760,0.040,0.190,1.280
WWE 2K17,2016,Sports,2K Games,0.320,0.700,0.000,0.190,1.220
Guitar Hero Live,2015,Music,Activision,0.520,0.490,0.000,0.200,1.210
Metal Gear Solid: Ground Zeroes,2014,Action-Adventure,Konami Digital Entertainment,0.360,0.500,0.170,0.170,1.200
Mad Max (2013),2015,Action,Warner Bros. Interactive Entertainment,0.380,0.590,0.050,0.190,1.200
Shadow of the Colossus,2018,Action-Adventure,Sony Interactive Entertainment,0.440,0.520,0.050,0.190,1.200
Kingdom Hearts HD 2.8 Final Chapter Prologue,2017,Role-Playing,Square Enix,0.570,0.250,0.200,0.170,1.200
Dragon Ball: XenoVerse,2015,Fighting,Namco Bandai Games,0.330,0.550,0.140,0.170,1.190
LEGO Dimensions,2015,Action,Warner Bros. Interactive Entertainment,0.480,0.500,0.000,0.200,1.180
LEGO Jurassic World,2015,Action,Warner Bros. Interactive Entertainment,0.410,0.560,0.020,0.190,1.180
WWE 2K15,2014,Sports,2K Sports,0.400,0.570,0.000,0.190,1.160
MLB The Show 17,2017,Sports,Sony Interactive Entertainment,0.940,0.000,0.000,0.220,1.160
LEGO Worlds,2017,Misc,Warner Bros. Interactive Entertainment,0.210,0.720,0.040,0.170,1.140
The Elder Scrolls V: Skyrim PSVR,2017,Role-Playing,Bethesda Softworks,0.470,0.470,0.010,0.190,1.130
LEGO Marvel Super Heroes 2,2017,Action,Warner Bros. Interactive Entertainment,0.330,0.600,0.000,0.180,1.110
EA Sports UFC,2014,Fighting,Electronic Arts,0.490,0.430,0.010,0.180,1.110
Final Fantasy XII: The Zodiac Age,2017,Role-Playing,Square Enix,0.370,0.410,0.160,0.150,1.100
Alien: Isolation,2014,Adventure,Sega,0.290,0.590,0.050,0.160,1.090
MLB The Show 18,2018,Sports,Sony Interactive Entertainment,0.860,0.000,0.000,0.200,1.060
The Evil Within II,2017,Action,Bethesda Softworks,0.310,0.490,0.090,0.150,1.050
Prey (2017),2017,Shooter,Bethesda Softworks,0.250,0.620,0.020,0.160,1.040
Final Fantasy Type-0,2015,Role-Playing,Square Enix,0.400,0.330,0.160,0.150,1.040
Ni-Oh,2017,Action,Tecmo Koei,0.340,0.360,0.200,0.140,1.030
MLB 15: The Show,2015,Sports,Sony Computer Entertainment,0.750,0.080,0.000,0.190,1.010
Steep,2016,Sports,Ubisoft,0.230,0.600,0.020,0.150,1.010
LEGO Marvel's Avengers,2016,Action,Warner Bros. Interactive Entertainment,0.310,0.530,0.010,0.160,1.010
Evolve,2015,Shooter,2K Games,0.380,0.410,0.050,0.160,1.010
Injustice: Gods Among Us,2013,Fighting,Warner Bros. Interactive Entertainment,0.460,0.350,0.000,0.170,0.980
EA Sports UFC 3,2018,Sports,EA Sports,0.400,0.410,0.010,0.160,0.970
Madden NFL 25,2013,Sports,EA Sports,0.640,0.150,0.000,0.170,0.960
MLB 16: The Show,2016,Sports,Sony Computer Entertainment,0.780,0.000,0.000,0.180,0.960
Lego Batman 3: Beyond Gotham,2014,Action,Warner Bros. Interactive Entertainment,0.370,0.420,0.000,0.160,0.940
Final Fantasy X/X-2 HD Remaster,2015,Role-Playing,Square Enix,0.340,0.360,0.070,0.140,0.900
Ni no Kuni II: Revenant Kingdom,2018,Role-Playing,Namco Bandai Games,0.330,0.310,0.120,0.130,0.890
God of War III,2015,Action,Sony Computer Entertainment,0.400,0.330,0.020,0.150,0.890
Fortnite,2017,Action,Gearbox Software,0.420,0.320,0.000,0.150,0.890
LEGO Harry Potter Collection,2016,Action,Warner Bros. Interactive Entertainment,0.070,0.680,0.000,0.130,0.880
Minecraft: Story Mode,2015,Adventure,Mojang,0.310,0.420,0.000,0.140,0.870
BioShock The Collection,2016,Shooter,2K Games,0.410,0.280,0.030,0.140,0.860
Thief 4,2014,Action,Square Enix,0.280,0.410,0.030,0.130,0.850
Until Dawn: Rush of Blood,2016,Shooter,Sony Interactive Entertainment,0.500,0.210,0.000,0.150,0.850
Disney Infinity 3.0,2015,Action,Disney Interactive Studios,0.310,0.400,0.000,0.140,0.850
Farming Simulator 17,2016,Simulation,Focus Home Interactive,0.190,0.520,0.010,0.130,0.850
The Crew 2,2018,Racing,Ubisoft,0.220,0.420,0.050,0.120,0.820
Pro Evolution Soccer 2016,2015,Sports,Konami Digital Entertainment,0.140,0.430,0.140,0.100,0.820
ARK: Survival Evolved,2017,Action,Studio Wildcard,0.280,0.290,0.140,0.110,0.810
Dragon Quest Heroes: The World's Tree Woe and the Blight Below,2015,Action,Square Enix,0.210,0.140,0.390,0.070,0.810
Assassin's Creed The Ezio Collection,2016,Action,Ubisoft,0.140,0.520,0.020,0.120,0.790
Final Fantasy XIV: A Realm Reborn,2014,MMO,Square Enix,0.350,0.230,0.080,0.120,0.790
Destiny: The Collection,2016,Shooter,Activision,0.240,0.400,0.020,0.120,0.780
F1 2016 (Codemasters),2016,Racing,Codemasters,0.070,0.560,0.030,0.110,0.780
Hitman (2016),2017,Action,Square Enix,0.240,0.360,0.060,0.110,0.780
Pro Evolution Soccer 2015,2014,Sports,Konami Digital Entertainment,0.090,0.450,0.120,0.100,0.760
LEGO City Undercover,2017,Platform,Warner Bros. Interactive Entertainment,0.170,0.460,0.010,0.120,0.750
Pro Evolution Soccer 2018,2017,Sports,Konami Digital Entertainment,0.120,0.360,0.190,0.090,0.750
Disney Infinity 2.0: Marvel Super Heroes,2014,Action-Adventure,Disney Interactive Studios,0.370,0.250,0.000,0.130,0.750
Pro Evolution Soccer 2017,2016,Sports,Konami Digital Entertainment,0.080,0.410,0.180,0.090,0.750
Sniper Elite 3,2014,Shooter,505 Games,0.250,0.370,0.000,0.120,0.740
MLB 14 The Show,2014,Sports,Sony Computer Entertainment,0.590,0.000,0.000,0.140,0.730
WipEout Omega Collection,2017,Racing,Sony Interactive Entertainment,0.120,0.490,0.000,0.110,0.720
Deus Ex: Mankind Divided,2016,Role-Playing,Square Enix,0.250,0.340,0.010,0.120,0.720
The LEGO Movie Videogame,2014,Action-Adventure,Warner Bros. Interactive Entertainment,0.260,0.320,0.010,0.110,0.710
Marvel vs. Capcom: Infinite,2017,Fighting,Capcom,0.360,0.190,0.040,0.110,0.700
Dark Souls II,2015,Role-Playing,Namco Bandai Games,0.270,0.230,0.090,0.100,0.690
Yakuza 6,2016,Adventure,Sega,0.160,0.100,0.380,0.050,0.690
F1 2015,2015,Racing,Codemasters,0.100,0.450,0.040,0.100,0.680
METRO 2033,2014,Shooter,Deep Silver,0.220,0.310,0.050,0.100,0.680
Rocksmith 2014,2014,Music,Ubisoft,0.380,0.170,0.000,0.120,0.670
NHL 16,2015,Sports,EA Sports,0.380,0.160,0.000,0.120,0.660
Plants vs Zombies: Garden Warfare,2014,Shooter,Electronic Arts,0.240,0.300,0.010,0.110,0.660
Tales of Berseria,2016,Role-Playing,Namco Bandai Games,0.220,0.100,0.260,0.070,0.650
Yakuza Zero: The Place of Oath,2015,Adventure,Sega,0.220,0.160,0.190,0.080,0.650
One Piece: Burning Blood,2016,Fighting,Namco Bandai Games,0.210,0.260,0.090,0.090,0.650
Batman: Return to Arkham,2016,Action,Warner Bros. Interactive Entertainment,0.150,0.390,0.010,0.100,0.640
Plants vs. Zombies: Garden Warfare 2,2016,Shooter,Electronic Arts,0.220,0.310,0.000,0.100,0.630
LEGO The Hobbit,2014,Action-Adventure,Warner Bros. Interactive Entertainment,0.140,0.390,0.000,0.100,0.620
World of Final Fantasy,2016,Role-Playing,Square Enix,0.240,0.210,0.090,0.090,0.620
F1 2017,2017,Racing,Koch Media,0.040,0.470,0.020,0.090,0.620
NHL 15,2014,Sports,EA Sports,0.320,0.190,0.000,0.110,0.620
Knowledge is Power,2017,Party,Sony Interactive Entertainment,0.050,0.470,0.000,0.090,0.610
L.A. Noire,2017,Adventure,Rockstar Games,0.180,0.320,0.000,0.100,0.600
Hidden Agenda,2017,Adventure,Sony Interactive Entertainment,0.080,0.420,0.000,0.090,0.590
Call of Duty: Modern Warfare Remastered,2017,Shooter,Activision,0.170,0.300,0.030,0.090,0.580
Dragon Quest Builders: Revive Alefgard,2016,Role-Playing,Square Enix,0.120,0.170,0.240,0.060,0.580
The Lego Ninjago Movie Videogame,2017,Action,Warner Bros. Interactive Entertainment,0.160,0.320,0.000,0.090,0.570
Resident Evil: Revelations 2,2015,Action,Capcom,0.140,0.250,0.110,0.070,0.570
Rock Band 4,2015,Music,Harmonix Music Systems,0.410,0.060,0.000,0.100,0.570
NHL 18,2017,Sports,EA Sports,0.310,0.160,0.000,0.100,0.570
Everybody's Golf,2017,Sports,Sony Interactive Entertainment,0.120,0.220,0.170,0.060,0.560
The Amazing Spider-Man 2 (2014),2014,Action-Adventure,Activision,0.200,0.260,0.020,0.090,0.560
DOOM VFR,2017,Shooter,Bethesda Softworks,0.220,0.250,0.000,0.090,0.560
Sonic Forces,2017,Platform,Sega,0.150,0.310,0.010,0.090,0.560
Kingdom Come: Deliverance,2018,Role-Playing,Deep Silver,0.180,0.280,0.000,0.090,0.560
Lords of the Fallen,2014,Role-Playing,Square Enix,0.200,0.240,0.020,0.090,0.550
Sniper Elite 4,2017,Shooter,Rebellion Developments,0.210,0.250,0.000,0.090,0.550
Rory McIlroy PGA Tour,2015,Sports,Electronic Arts,0.190,0.270,0.000,0.090,0.550
Project CARS 2,2017,Racing,Namco Bandai Games,0.100,0.350,0.020,0.080,0.550
Skylanders: Trap Team,2014,Platform,Activision,0.250,0.180,0.000,0.090,0.520
NHL 17,2016,Sports,EA Sports,0.320,0.110,0.000,0.090,0.520
One Piece: Pirate Warriors 3,2015,Action,Namco Bandai Games,0.110,0.220,0.110,0.060,0.520
DiRT Rally,2016,Racing,Codemasters,0.130,0.300,0.000,0.080,0.510
Homefront: The Revolution,2016,Shooter,Deep Silver,0.110,0.290,0.040,0.070,0.500
Attack on Titan (KOEI),2016,Action,Tecmo Koei,0.080,0.240,0.120,0.060,0.500
DiRT 4,2017,Racing,Codemasters,0.100,0.300,0.020,0.070,0.490
Farpoint,2017,Shooter,Sony Interactive Entertainment,0.000,0.380,0.040,0.060,0.480
Battleborn,2016,Shooter,2K Games,0.250,0.120,0.030,0.080,0.480
A Way Out,2018,Action,Electronic Arts,0.230,0.160,0.000,0.080,0.480
Friday the 13th: The Game,2017,Action,Gun Media,0.290,0.090,0.030,0.080,0.480
The Walking Dead: A Telltale Games Series,2014,Adventure,Telltale Games,0.120,0.260,0.030,0.070,0.480
Wolfenstein: The Old Blood,2015,Shooter,Bethesda Softworks,0.130,0.250,0.020,0.070,0.480
Deadpool,2015,Action,Activision,0.260,0.130,0.000,0.080,0.470
Dragon Quest Heroes II: Twin Kings and the Prophecy's End,2016,Action,Square Enix,0.050,0.090,0.300,0.030,0.470
TrackMania Turbo,2016,Racing,Ubisoft,0.040,0.350,0.000,0.070,0.470
Knack 2,2017,Platform,Sony Interactive Entertainment,0.140,0.250,0.010,0.070,0.470
Just Dance 2014,2013,Music,Ubisoft,0.210,0.180,0.000,0.080,0.470
Dissidia Final Fantasy NT,2018,Fighting,Square Enix,0.190,0.060,0.160,0.050,0.460
Skylanders: SuperChargers,2015,Action-Adventure,Activision,0.290,0.090,0.000,0.080,0.450
Yakuza Kiwami,2016,Adventure,Sega,0.130,0.070,0.210,0.040,0.450
Tales of Zestiria,2015,Role-Playing,Namco Bandai Games,0.180,0.160,0.040,0.070,0.450
Star Ocean 5: Integrity and Faithlessness,2016,Role-Playing,Square Enix,0.100,0.130,0.160,0.050,0.450
Sleeping Dogs,2014,Action,Square Enix,0.160,0.210,0.000,0.070,0.440
Skylanders SWAP Force,2013,Misc,Activision,0.230,0.140,0.000,0.080,0.440
Skylanders Imaginators,2016,Platform,Activision,0.180,0.180,0.000,0.070,0.430
Trials Fusion,2014,Misc,Ubisoft,0.130,0.230,0.010,0.070,0.430
Saints Row IV,2015,Action,Deep Silver,0.150,0.180,0.030,0.060,0.420
Dishonored,2015,Action,Bethesda Softworks,0.120,0.210,0.020,0.060,0.420
Mirror's Edge 2,2016,Platform,Electronic Arts,0.130,0.190,0.030,0.060,0.420
Farming Simulator 2015,2015,Simulation,Koch Media,0.130,0.220,0.000,0.070,0.410
Just Dance 2015,2014,Music,Ubisoft,0.210,0.130,0.000,0.070,0.410
Sword Art Online: Hollow Realization,2016,Role-Playing,Namco Bandai Games,0.180,0.060,0.120,0.050,0.410
Just Dance 2016,2015,Music,Ubisoft,0.190,0.130,0.000,0.070,0.390
Batman: Arkham VR,2016,Action,Warner Bros. Interactive Entertainment,0.320,0.000,0.000,0.070,0.390
Little Nightmares,2017,Platform,Namco Bandai Games,0.180,0.120,0.020,0.060,0.390
Tropico 5,2015,Simulation,Kalypso Media,0.070,0.180,0.080,0.050,0.380
Life is Strange,2016,Adventure,Square Enix,0.110,0.160,0.050,0.050,0.370
Resident Evil Zero,2016,Action-Adventure,Capcom,0.070,0.180,0.070,0.050,0.370
Yakuza Kiwami 2,2017,Action,Sega,0.080,0.060,0.190,0.030,0.370
Vampyr,2018,Role-Playing,Focus Home Interactive,0.120,0.190,0.000,0.060,0.370
Okami,2017,Action,Capcom,0.160,0.120,0.030,0.060,0.360
Sniper: Ghost Warrior 3,2017,Shooter,City Interactive,0.140,0.150,0.030,0.060,0.360
Hokuto ga Gotoku,2018,Action,Sega,0.090,0.050,0.180,0.030,0.360
Sword Art Online: Lost Song,2015,Role-Playing,Namco Bandai Games,0.190,0.110,0.000,0.060,0.360
Disgaea 5: Alliance of Vengeance,2015,Role-Playing,NIS America,0.150,0.080,0.070,0.050,0.350
Dead or Alive 5,2015,Fighting,Tecmo Koei,0.090,0.130,0.090,0.040,0.350
Gravity Rush 2,2017,Action-Adventure,Sony Interactive Entertainment,0.130,0.050,0.130,0.040,0.350
Odin Sphere: Leifthrasir,2016,Role-Playing,NIS America,0.140,0.070,0.090,0.040,0.340
Divinity: Original Sin,2015,Role-Playing,Focus Home Interactive,0.130,0.130,0.040,0.050,0.340
The King of Fighters XIV,2016,Fighting,Deep Silver,0.210,0.020,0.060,0.050,0.340
Dishonored: Death of the Outsider,2017,Action,Bethesda Softworks,0.100,0.180,0.000,0.050,0.330
Valkyria Chronicles,2016,Role-Playing,Sega,0.140,0.080,0.080,0.040,0.330
Murdered: Soul Suspect,2014,Action-Adventure,Square Enix,0.090,0.170,0.020,0.050,0.330
Payday 2,2015,Shooter,505 Games,0.120,0.140,0.000,0.050,0.320
UEFA Euro 2016,2016,Sports,Konami Digital Entertainment,0.000,0.220,0.050,0.040,0.310
DmC: Devil May Cry,2015,Action,Capcom,0.120,0.130,0.000,0.050,0.310
Sonic Mania,2017,Platform,Sega,0.100,0.150,0.010,0.050,0.310
J Stars Victory Vs.,2015,Fighting,Namco Bandai Games,0.110,0.140,0.000,0.050,0.310
XCOM 2,2016,Strategy,2K Games,0.160,0.100,0.000,0.050,0.310
Dynasty Warriors 8: Xtreme Legends,2014,Misc,Tecmo Koei,0.090,0.120,0.060,0.040,0.310
Cities: Skylines,2017,Simulation,Koch Media,0.150,0.070,0.040,0.050,0.300
Saint Seiya: Soldiers' Soul,2015,Fighting,Namco Bandai Games,0.000,0.210,0.050,0.040,0.300
Just Dance 2018,2017,Music,Ubisoft,0.100,0.150,0.000,0.050,0.300
The Walking Dead: Season Two,2014,Misc,Square Enix,0.130,0.090,0.030,0.050,0.300
Sword Art Online: Fatal Bullet,2018,Role-Playing,Namco Bandai Games,0.110,0.030,0.130,0.030,0.290
Naruto to Boruto: Shinobi Striker,2018,Action,Bandai Namco Games,0.190,0.030,0.020,0.050,0.290
Yooka-Laylee,2017,Platform,Sold Out,0.090,0.160,0.000,0.050,0.290
Cars 3: Driven to Win,2017,Racing,Warner Bros. Interactive Entertainment,0.060,0.180,0.010,0.040,0.290
Metal Gear Solid V: The Definitive Experience,2016,Action,Konami Digital Entertainment,0.130,0.080,0.030,0.040,0.290
Sherlock Holmes: Crimes & Punishments,2014,Adventure,Focus Home Interactive,0.100,0.140,0.000,0.050,0.290
Star Trek Bridge Crew VR,2017,Action,Ubisoft,0.110,0.120,0.000,0.050,0.280
The Heavy Rain and Beyond: Two Souls Collection,2016,Action,Sony Computer Entertainment,0.000,0.240,0.000,0.040,0.280
Spintires: MudRunner,2017,Simulation,Focus Home Interactive,0.110,0.120,0.000,0.050,0.280
Onechanbara Z2: Chaos,2014,Action,NIS America,0.160,0.030,0.050,0.040,0.280
Secret of Mana,2018,Role-Playing,Square Enix,0.060,0.120,0.050,0.040,0.280
Gundam Versus,2017,Action,Namco Bandai Games,0.080,0.000,0.180,0.020,0.280
NBA Live 14,2013,Sports,EA Sports,0.170,0.050,0.000,0.050,0.270
Bravo Team VR,2018,Shooter,Sony Interactive Entertainment,0.120,0.090,0.020,0.040,0.270
Killing Floor 2Ê,2016,Shooter,Tripwire Interactive,0.190,0.030,0.000,0.050,0.270
Robinson: The Journey,2016,Action-Adventure,Sony Interactive Entertainment,0.140,0.090,0.000,0.050,0.270
DriveClub VR,2016,Racing,Sony Interactive Entertainment,0.120,0.090,0.010,0.040,0.270
Fate/Extella: The Umbral Star,2016,Action,PQube,0.120,0.000,0.120,0.030,0.270
Ultimate Marvel vs. Capcom 3,2017,Fighting,Capcom,0.190,0.000,0.020,0.040,0.260
New Danganronpa V3: Minna no Koroshiai Shin Gakki,2017,Adventure,NIS America,0.090,0.050,0.070,0.030,0.250
Samurai Warriors 4,2014,Fighting,Tecmo Koei,0.080,0.070,0.060,0.030,0.250
Darksiders III,2018,Action,THQ Nordic,0.130,0.070,0.000,0.040,0.250
NBA Live 15,2014,Sports,Electronic Arts,0.160,0.040,0.000,0.040,0.250
NBA Live 18,2017,Sports,EA Sports,0.200,0.000,0.000,0.050,0.240
Tearaway Unfolded,2015,Platform,Sony Computer Entertainment,0.070,0.130,0.000,0.040,0.240
.hack//G.U. Last Recode,2017,Role-Playing,Namco Bandai Games,0.100,0.040,0.080,0.030,0.240
Ride,2015,Racing,Milestone S.r.l.,0.040,0.130,0.030,0.030,0.240
Just Dance 2017,2016,Misc,Ubisoft,0.080,0.120,0.000,0.040,0.240
The Escapists 2,2017,Action,Sold Out,0.040,0.160,0.000,0.040,0.240
Transformers: Devastation,2015,Action,Activision,0.110,0.090,0.000,0.040,0.240
Darksiders II,2015,Action-Adventure,Nordic Games,0.100,0.100,0.000,0.040,0.240
Jikkyou Powerful Pro Baseball 2016,2016,Sports,Konami Digital Entertainment,0.000,0.000,0.240,0.000,0.240
The Elder Scrolls Online: Morrowind,2017,MMO,Bethesda Softworks,0.110,0.090,0.000,0.040,0.240
Digimon World: Next Order,2017,Role-Playing,Namco Bandai Games,0.130,0.050,0.020,0.040,0.240
theHunter: Call of the Wild,2017,Shooter,Astragon,0.190,0.000,0.000,0.040,0.240
Tony Hawk's Pro Skater 5,2015,Sports,Activision,0.110,0.080,0.000,0.040,0.230
Angry Birds: Star Wars,2013,Puzzle,Activision,0.110,0.090,0.000,0.040,0.230
Elex,2017,Role-Playing,THQ Nordic,0.030,0.160,0.000,0.040,0.230
RIGS: Mechanized Combat League,2016,Action,Sony Interactive Entertainment,0.110,0.060,0.020,0.040,0.230
Transformer: Rise of the Dark Spark,2014,Shooter,Activision,0.080,0.110,0.010,0.040,0.230
Dead Island Definitive Collection,2016,Action,Deep Silver,0.090,0.080,0.030,0.030,0.230
Metal Gear Survive,2018,Action,Konami Digital Entertainment,0.080,0.060,0.050,0.030,0.230
Singstar Celebration,2017,Music,Sony Interactive Entertainment,0.040,0.150,0.000,0.030,0.230
Dead by Daylight,2017,Action,505 Games,0.110,0.060,0.020,0.040,0.220
Attack on Titan 2,2018,Action,Koei Tecmo,0.090,0.040,0.060,0.030,0.220
The Wolf Among Us,2014,Adventure,Telltale Games,0.110,0.070,0.000,0.040,0.220
Micro Machines: World Series,2017,Racing,Codemasters,0.030,0.160,0.000,0.030,0.220
Bladestorm: Nightmare,2015,Action,Tecmo Koei,0.110,0.040,0.030,0.030,0.220
Zombie Army Trilogy,2015,Shooter,Rebellion Developments,0.060,0.130,0.000,0.030,0.220
Outlast Trinity,2017,Action,Warner Bros. Interactive Entertainment,0.090,0.090,0.000,0.040,0.220
EVE: Valkyrie,2016,Shooter,Sony Interactive Entertainment,0.110,0.060,0.000,0.040,0.210
Senran Kagura: Peach Beach Splash,2017,Action,PQube,0.090,0.020,0.080,0.020,0.210
Ys VIII: Lacrimosa of Dana,2017,Role-Playing,NIS America,0.080,0.040,0.080,0.020,0.210
Bound By Flame,2014,Action,Focus Home Interactive,0.080,0.090,0.000,0.040,0.210
NBA Live 16,2015,Sports,EA Sports,0.130,0.050,0.000,0.040,0.210
7 Days to Die,2016,Action,Telltale Games,0.090,0.080,0.000,0.030,0.210
Dynasty Warriors 8: Empires,2014,Misc,Tecmo Koei,0.070,0.070,0.040,0.030,0.210
Dragon's Dogma,2017,Role-Playing,Capcom,0.070,0.070,0.030,0.030,0.210
Godzilla (2015),2014,Action,Namco Bandai Games,0.110,0.030,0.030,0.030,0.200
Eagle Flight,2016,Adventure,Ubisoft,0.090,0.080,0.000,0.030,0.200
Agents of Mayhem,2017,Action,Deep Silver,0.080,0.080,0.000,0.030,0.200
MotoGP 14Ê,2014,Racing,Milestone S.r.l.,0.050,0.110,0.000,0.030,0.200
Elite: Dangerous,2017,Simulation,Frontier Developments,0.060,0.100,0.000,0.030,0.190
Singstar: Ultimate Party,2014,Music,Sony Computer Entertainment,0.000,0.160,0.000,0.030,0.190
Toukiden Kiwami,2015,Action,Tecmo Koei,0.060,0.070,0.030,0.030,0.190
Batman: A Telltale Game Series,2016,Adventure,Telltale Games,0.090,0.070,0.000,0.030,0.190
The Surge,2017,Action,Koch Media,0.070,0.080,0.010,0.030,0.190
MotoGP 15,2015,Racing,Milestone S.r.l.,0.000,0.130,0.040,0.020,0.180
Resident Evil: Revelations,2017,Action,Capcom,0.060,0.060,0.040,0.020,0.180
Senran Kagura: Estival Versus,2015,Action,Marvelous Interactive,0.080,0.000,0.090,0.020,0.180
Back to the Future: The Game,2015,Adventure,Telltale Games,0.100,0.050,0.000,0.030,0.180
The Walking Dead - The Telltale Series: A New Frontier,2017,Adventure,Warner Bros. Interactive Entertainment,0.110,0.040,0.000,0.030,0.170
Resident Evil 6,2016,Shooter,Capcom,0.100,0.000,0.050,0.020,0.170
Final Fantasy XIV: Heavensward,2015,MMO,Square Enix,0.000,0.090,0.060,0.020,0.170
Final Fantasy XIV: Stormblood,2017,MMO,Square Enix,0.050,0.060,0.040,0.020,0.170
Guilty Gear Xrd: Sign,2014,Fighting,Arc System Works,0.110,0.000,0.040,0.020,0.170
Prototype: Biohazard Bundle,2016,Action,Activision,0.140,0.000,0.000,0.030,0.170
BlazBlue Central Fiction,2016,Fighting,PQube,0.100,0.000,0.050,0.020,0.170
MXGP 3: The Official Motocross Videogame,2017,Racing,Milestone,0.060,0.080,0.000,0.030,0.170
Ride 2,2016,Racing,Milestone S.r.l,0.070,0.060,0.010,0.030,0.160
Dead Rising 4,2017,Action-Adventure,Capcom,0.080,0.050,0.000,0.030,0.160
Putty Squad,2013,Platform,System 3,0.060,0.070,0.000,0.030,0.160
Digimon Story: Cyber Sleuth - Hacker's Memory,2017,Role-Playing,Namco Bandai Games,0.050,0.050,0.040,0.020,0.160
Battlezone,2016,Action,Sony Interactive Entertainment,0.090,0.040,0.000,0.030,0.160
Naruto Shippuden: Ultimate Ninja Storm Legacy,2017,Fighting,Namco Bandai Games,0.070,0.040,0.030,0.020,0.160
Berserk and the Band of the Hawk,2016,Action,Tecmo Koei,0.070,0.020,0.050,0.020,0.160
BlazBlue: Chrono Phantasma Extend,2015,Fighting,PQube,0.080,0.040,0.020,0.020,0.160
Pillars of Eternity,2017,Role-Playing,Paradox InteractiveÊ,0.110,0.020,0.000,0.030,0.160
Valkyria: Azure Revolution,2017,Role-Playing,Deep Silver,0.040,0.030,0.070,0.020,0.160
Gravity Rush Remastered,2015,Action-Adventure,Sony Computer Entertainment,0.020,0.060,0.050,0.020,0.160
Psycho-Pass: Mandatory Happiness,2016,Visual Novel,NIS America,0.100,0.020,0.000,0.030,0.150
Brothers: A Tale of Two Sons,2015,Adventure,505 Games,0.040,0.090,0.000,0.020,0.150
Warriors Orochi 3,2014,Action,Tecmo Koei,0.040,0.050,0.040,0.020,0.150
Wasteland 2,2015,Role-Playing,Deep Silver,0.100,0.000,0.030,0.020,0.150
Atelier Sophie: The Alchemist of the Mysterious Book,2015,Role-Playing,Tecmo Koei,0.040,0.030,0.070,0.010,0.150
NASCAR Heat Evolution,2016,Racing,Dusenberry Martin Racing,0.120,0.000,0.000,0.030,0.150
Yakuza: Ishin,2014,Adventure,Sega,0.000,0.000,0.150,0.000,0.150
Toukiden 2,2016,Action,Tecmo Koei,0.040,0.000,0.100,0.010,0.150
Song of the Deep,2016,Action,Insomniac Games,0.120,0.000,0.000,0.030,0.150
Super Robot Wars V,2017,Role-Playing,Namco Bandai Games,0.000,0.000,0.150,0.000,0.150
Blue Reflection: Maboroshi ni Mau - Shoujo no Ken,2017,Role-Playing,Tecmo Koei,0.070,0.000,0.060,0.020,0.140
Yonmegami Online: Cyber Dimension Neptune,2017,Role-Playing,Idea Factory International,0.060,0.000,0.070,0.010,0.140
Grand Kingdom,2015,Role-Playing,NIS America,0.080,0.000,0.040,0.020,0.140
Arslan: The Warriors of Legend,2016,Action,Tecmo Koei,0.030,0.040,0.060,0.010,0.140
Pro Cycling Manager 2016,2016,Sports,Focus Home Interactive,0.000,0.120,0.000,0.020,0.140
Shovel Knight,2015,Platform,Yacht Club Games,0.080,0.040,0.000,0.020,0.140
Adventure Time: Finn & Jake Investigations,2015,Action,Little Orbit,0.070,0.050,0.000,0.020,0.140
Guilty Gear Xrd -Revelator-,2016,Fighting,PQube,0.060,0.000,0.070,0.010,0.140
We Happy Few,2018,Action-Adventure,Gearbox Software,0.080,0.040,0.000,0.020,0.140
Rocksmith 2014 Edition Remastered,2016,Music,Ubisoft,0.110,0.000,0.000,0.030,0.140
The Crew: Wild Run,2015,Racing,Ubisoft,0.000,0.120,0.000,0.020,0.140
MXGP 2,2016,Racing,Milestone S.r.l.,0.050,0.060,0.000,0.020,0.140
MotoGP 17,2017,Racing,Koch Media,0.040,0.070,0.000,0.020,0.140
Fairy Fencer F: Advent Dark Force,2015,Role-Playing,Idea Factory International,0.060,0.000,0.060,0.010,0.140
Samurai Warriors 4-II,2015,Action,Tecmo Koei,0.040,0.020,0.070,0.010,0.130
The Golf Club,2014,Sports,Ravenscourt,0.090,0.020,0.000,0.020,0.130
Hatsune Miku: Project Diva X,2016,Music,Sega,0.080,0.000,0.040,0.020,0.130
NASCAR Heat 2,2017,Racing,505 Games,0.110,0.000,0.000,0.020,0.130
Bulletstorm: Full Clip Edition,2017,Shooter,Gearbox Software,0.050,0.060,0.000,0.020,0.130
Valentino Rossi: The Game,2016,Racing,Namco Bandai Games,0.050,0.050,0.000,0.020,0.130
Golf Club 2,2017,Sports,Maximum Games,0.050,0.060,0.000,0.020,0.130
Akiba's Trip 2,2014,Action,Acquire,0.090,0.000,0.020,0.020,0.130
Rugby 15,2015,Sports,Bigben Interactive,0.050,0.060,0.000,0.020,0.130
Utawarerumono: Futari no Hakuoro,2016,Visual Novel,Atlus,0.050,0.000,0.070,0.010,0.130
The Legend of Heroes: Trails of Cold Steel III,2017,Role-Playing,Nihon Falcom Corporation,0.000,0.000,0.130,0.000,0.130
Utawarerumono: Itsuwari no Kamen,2015,Adventure,Deep Silver,0.050,0.000,0.070,0.010,0.130
The Inpatient,2018,Action,Sony Interactive Entertainment,0.060,0.050,0.000,0.020,0.130
Don Bradman Cricket 14,2015,Sports,Tru Blu Entertainment,0.010,0.090,0.000,0.020,0.130
Sword Art Online: Hollow Fragment,2015,Role-Playing,Namco Bandai Games,0.000,0.110,0.000,0.020,0.120
Teenage Mutant Ninja Turtles: Mutants in Manhattan,2016,Action,Activision,0.070,0.030,0.000,0.020,0.120
Job Simulator,2017,Simulation,Sony Interactive Entertainment,0.100,0.000,0.000,0.020,0.120
Portal Knights,2017,Role-Playing,505 Games,0.020,0.050,0.030,0.010,0.120
Samurai Warriors 4: Empires,2015,Action,Tecmo Koei,0.030,0.010,0.070,0.010,0.120
Danganronpa 1o2 Reload,2017,Adventure,NIS America,0.080,0.000,0.020,0.020,0.120
God Eater 2: Rage Burst,2015,Role-Playing,Namco Bandai Games,0.000,0.010,0.110,0.000,0.120
America's Greatest Game Shows: Wheel of Fortune & Jeopardy!,2017,Misc,Ubisoft,0.100,0.000,0.000,0.020,0.120
Marvel's Guardians of the Galaxy: The Telltale Series,2017,Adventure,Warner Bros. Interactive Entertainment,0.060,0.040,0.000,0.020,0.120
Digimon Story: Cyber Sleuth,2016,Role-Playing,Namco Bandai Games,0.000,0.100,0.000,0.020,0.110
Constructor HD,2017,Strategy,System 3,0.090,0.000,0.000,0.020,0.110
Minecraft: Story Mode - Season Two,2017,Adventure,Telltale Games,0.090,0.000,0.000,0.020,0.110
Darksiders: Warmastered Edition,2016,Action-Adventure,THQ Nordic,0.070,0.020,0.000,0.020,0.110
Mighty No. 9,2016,Platform,Deep Silver,0.090,0.000,0.000,0.020,0.110
The Invisible Hours,2017,Adventure,GameTrust,0.090,0.000,0.000,0.020,0.110
Monster Energy Supercross - The Official Videogame,2018,Racing,Milestone S.r.l.,0.080,0.010,0.000,0.020,0.110
The Idolmaster: Platinum Stars,2016,Simulation,Namco Bandai Games,0.000,0.000,0.110,0.000,0.110
The Witch and the Hundred Knight,2015,Role-Playing,NIS America,0.030,0.010,0.060,0.010,0.110
SD Gundam G Generation Genesis,2016,Strategy,Namco Bandai Games,0.000,0.000,0.110,0.000,0.110
Rime,2017,Adventure,Grey Box,0.020,0.070,0.000,0.020,0.110
Super Robot Wars OG: The Moon Dwellers,2016,Misc,Namco Bandai Games,0.000,0.000,0.110,0.000,0.110
Gundam Breaker 3,2016,Action,Namco Bandai Games,0.000,0.000,0.110,0.000,0.110
Earth Defense Force 2025.1: The Shadow of New Despair,2015,Shooter,D3Publisher,0.000,0.000,0.110,0.000,0.110
Shadow Warrior (2013),2014,Shooter,Devolver Digital,0.000,0.090,0.000,0.020,0.110
Assassin's Creed Chronicles,2016,Action,Ubisoft,0.020,0.050,0.020,0.010,0.110
Mega Man Legacy Collection,2016,Platform,Capcom,0.090,0.000,0.000,0.020,0.110
Pac-Man Championship Edition 2 + Arcade Game Series,2017,Action,Namco Bandai Games,0.080,0.000,0.000,0.020,0.100
Tokyo Xanadu eX+,2016,Role-Playing,Nihon Falcom Corporation,0.050,0.000,0.050,0.010,0.100
Stardew Valley,2017,Simulation,505 Games,0.040,0.040,0.000,0.020,0.100
Romance of the Three Kingdoms 13,2015,Action,Tecmo Koei,0.030,0.000,0.060,0.010,0.100
Musou Stars,2017,Action,Tecmo Koei,0.030,0.000,0.060,0.010,0.100
Mega Man Legacy Collection 2,2017,Action,Capcom,0.060,0.000,0.020,0.010,0.100
Final Fantasy XIV Online Complete Edition,2017,MMO,Square Enix,0.070,0.000,0.020,0.020,0.100
Devil May Cry 4,2015,Action,Capcom,0.010,0.000,0.090,0.000,0.100
Puyo Puyo Tetris,2014,Puzzle,Sega,0.050,0.030,0.000,0.020,0.100
Natural Doctrine,2014,Role-Playing,NIS America,0.050,0.020,0.020,0.010,0.100
Sudden Strike 4,2017,Strategy,Kalypso Media,0.050,0.030,0.010,0.020,0.100
Accel World vs. Sword Art Online: Millennium Twilight,2017,Action,Namco Bandai Games,0.000,0.030,0.060,0.010,0.100
Wolfenstein The Two Pack,2017,Shooter,Bethesda Softworks,0.080,0.000,0.000,0.020,0.100
Guilty Gear Xrd REV 2,2017,Fighting,PQube,0.040,0.010,0.030,0.010,0.100
Let's Sing 2016,2015,Music,Ravenscourt,0.080,0.000,0.000,0.020,0.100
Resident Evil 4 HD,2016,Action-Adventure,Capcom,0.070,0.000,0.010,0.020,0.100
Nights of Azure 2,2017,Action,Tecmo Koei,0.040,0.000,0.040,0.010,0.090
The Technomancer,2016,Role-Playing,Focus Home Interactive,0.040,0.040,0.000,0.020,0.090
Nights of Azure,2015,Action,Tecmo Koei,0.040,0.040,0.000,0.020,0.090
Taiko no Tatsujin: Drum Session!,2017,Music,Namco Bandai Games,0.000,0.000,0.090,0.000,0.090
Nobunaga's Ambition: Sphere of Influence - Sengoku Risshiden,2016,Strategy,Tecmo Koei,0.030,0.000,0.060,0.010,0.090
Grand Ages: Medieval,2015,Strategy,Kalypso Media,0.000,0.050,0.030,0.010,0.090
Rugby League Live 4,2017,Sports,Tru Blu Entertainment,0.000,0.080,0.000,0.010,0.090
Toy Soldiers: War Chest,2015,Action,Ubisoft,0.070,0.000,0.000,0.020,0.090
God Eater Resurrection,2015,Action,Namco Bandai Games,0.000,0.000,0.090,0.000,0.090
Paragon,2016,Action,Sony Interactive Entertainment,0.070,0.000,0.000,0.020,0.090
Summon Night 6: Lost Borders,2016,Role-Playing,Gaijinworks,0.030,0.000,0.050,0.010,0.090
Black Rose Valkyrie,2016,Role-Playing,Idea Factory International,0.040,0.000,0.040,0.010,0.090
Duke Nukem 3D: 20th Anniversary World Tour,2016,Shooter,Gearbox Software,0.070,0.000,0.000,0.020,0.090
ATV Drift & Tricks,2017,Racing,Funbox Media,0.070,0.000,0.000,0.020,0.090
Yoru no Nai Kuni,2015,Role-Playing,Tecmo Koei,0.000,0.000,0.090,0.000,0.090
Lara Croft and the Temple of Osiris,2014,Action,Square Enix,0.000,0.070,0.000,0.010,0.090
Ghostbusters (2016),2016,Action,Activision,0.070,0.000,0.000,0.020,0.080
Agatha Christie's The ABC Murders,2016,Adventure,Microids,0.050,0.020,0.000,0.020,0.080
Shantae: Half-Genie Hero,2016,Platform,Xseed Games,0.060,0.000,0.010,0.010,0.080
Earth Defense Force 4.1: The Shadow of New Despair,2015,Shooter,PQube,0.050,0.020,0.000,0.010,0.080
The Sexy Brutale,2017,Adventure,Badland Studio,0.050,0.020,0.000,0.010,0.080
Legend of Kay,2015,Action,Nordic Games,0.030,0.030,0.000,0.010,0.080
Hasbro Family Fun Pack Conquest Edition,2016,Misc,Ubisoft,0.070,0.000,0.000,0.020,0.080
Loading Human,2016,Adventure,Maximum Games,0.050,0.020,0.000,0.010,0.080
Rapala Fishing Pro Series,2017,Simulation,GameMill,0.060,0.000,0.000,0.020,0.080
Atelier Firis: The Alchemist of the Mysterious Journey,2016,Role-Playing,Tecmo Koei,0.020,0.000,0.050,0.010,0.080
Dead Rising,2016,Action,Capcom,0.040,0.000,0.020,0.010,0.080
Assetto Corsa,2016,Racing,505 Games,0.000,0.060,0.010,0.010,0.080
Akiba's Beat,2016,Action,PQube,0.050,0.000,0.010,0.010,0.080
WRC 6,2016,Racing,PQube,0.030,0.020,0.010,0.010,0.080
God Wars: Future Past,2017,Role-Playing,NIS America,0.030,0.010,0.020,0.010,0.070
Resident Evil 5 HD,2016,Action,Capcom,0.050,0.000,0.010,0.010,0.070
The Witch and the Hundred Knights 2,2017,Role-Playing,Nippon Ichi Software,0.030,0.000,0.030,0.010,0.070
Samurai Warriors: Sanada Maru,2016,Action,Tecmo Koei,0.020,0.000,0.050,0.010,0.070
Project Setsuna,2016,Role-Playing,Square Enix,0.000,0.000,0.070,0.000,0.070
Has-Been Heroes,2017,Action,GameTrust,0.060,0.000,0.000,0.010,0.070
Fortune Street: Dragon Quest & Final Fantasy 30th Anniversary,2017,Misc,Square Enix,0.000,0.000,0.070,0.000,0.070
Styx: Shards of Darknes,2017,Action,Focus Home Interactive,0.060,0.000,0.000,0.010,0.070
Dead Rising 2,2016,Action,Capcom,0.040,0.000,0.020,0.010,0.070
The Book of Unwritten Tales 2,2015,Adventure,Nordic Games,0.000,0.060,0.000,0.010,0.070
Touhou Genso Rondo: Bullet Ballet,2016,Shooter,NIS America,0.060,0.000,0.000,0.010,0.070
The Walking Dead: A Telltale Series Collection,2017,Adventure,Warner Bros. Interactive Entertainment,0.060,0.000,0.000,0.010,0.070
The Silver Case,2017,Visual Novel,NIS America,0.050,0.000,0.010,0.010,0.070
Hunting Simulator,2017,Shooter,Bigben Interactive,0.060,0.000,0.000,0.010,0.070
WRC 7,2017,Racing,Bigben Interactive,0.060,0.000,0.000,0.010,0.070
Kamen Rider: Battride War Genesis,2016,Action,Namco Bandai Games,0.000,0.000,0.070,0.000,0.070
Le Tour de France 2017,2017,Simulation,Focus Home Interactive,0.000,0.060,0.000,0.010,0.070
City Shrouded in Shadow,2017,Action-Adventure,Namco Bandai Games,0.000,0.000,0.070,0.000,0.070
SG/ZH: School Girl/Zombie Hunter,2017,Action,Aksys Games,0.040,0.000,0.020,0.010,0.070
Broken Sword 5: The Serpent's Curse,2015,Adventure,Revolution Software,0.000,0.060,0.000,0.010,0.070
Terraria,2014,Action,505 Games,0.000,0.050,0.010,0.010,0.070
Warhammer: The End Times - Vermintide,2016,Action,Games Workshop,0.030,0.030,0.000,0.010,0.070
Batman: The Enemy Within,2017,Adventure,Telltale Games,0.050,0.000,0.000,0.010,0.070
Atari Flashback Classics: Volume 1,2016,Misc,Atari,0.050,0.000,0.000,0.010,0.070
Legend of Kay Anniversary,2015,Action,Nordic Games,0.000,0.060,0.000,0.010,0.070
Steins;Gate 0,2015,Adventure,PQube,0.000,0.000,0.070,0.000,0.070
ZombiU,2016,Action,Ubisoft,0.000,0.040,0.010,0.010,0.070
Risen 3: Titan Lords,2015,Role-Playing,Deep Silver,0.000,0.060,0.000,0.010,0.070
Mark McMorris Infinite Air,2016,Sports,Maximum Games,0.050,0.000,0.000,0.010,0.060
Dead or Alive Xtreme 3: Fortune,2016,Sports,Tecmo Koei,0.000,0.000,0.060,0.000,0.060
Birthdays the Beginning,2017,Misc,NIS America,0.050,0.000,0.000,0.010,0.060
Rugby 18,2017,Sports,Koch Media,0.050,0.000,0.000,0.010,0.060
The Binding of Isaac,2017,Misc,Nicalis,0.050,0.000,0.000,0.010,0.060
Sherlock Holmes: The Devil's Daughter,2016,Adventure,Bigben Interactive,0.050,0.000,0.000,0.010,0.060
Atelier Liddy and Soeur: Alchemists of the Mysterious Painting,2017,Role-Playing,Tecmo Koei,0.030,0.000,0.030,0.010,0.060
MX vs. ATV Supercross Encore,2015,Sports,Nordic Games,0.000,0.050,0.000,0.010,0.060
MX vs ATV Supercross Encore 2017 Track Edition,2017,Racing,THQ Nordic,0.050,0.000,0.000,0.010,0.060
Sword Art Online: Game Director's Edition,2015,Role-Playing,Namco Bandai Games,0.000,0.000,0.060,0.000,0.060
Deformers,2017,Action,Ready at Dawn,0.050,0.000,0.000,0.010,0.060
Nobunaga no Yabou: Souzou,2014,Strategy,Tecmo Koei,0.000,0.000,0.060,0.000,0.060
Dragon Quest X: All in One Package,2017,Role-Playing,Square Enix,0.000,0.000,0.060,0.000,0.060
Yomawari: Midnight Shadows,2017,Action,NIS America,0.020,0.000,0.040,0.000,0.060
Game of Thrones (Telltale),2015,Adventure,Telltale Games,0.050,0.000,0.000,0.010,0.060
Atari Flashback Classics: Volume 2,2016,Misc,Atari,0.050,0.000,0.000,0.010,0.060
Outcast: Second Contact,2017,Adventure,Maximum Games,0.050,0.000,0.000,0.010,0.060
Cartoon Network Battle Crashers,2016,Action,Maximum Games,0.050,0.000,0.000,0.010,0.060
Handball 16,2015,Sports,Bigben Interactive,0.000,0.050,0.000,0.010,0.060
Extinction,2018,Action,Maximum Games,0.050,0.000,0.000,0.010,0.060
Rugby World Cup 2015,2015,Sports,Big Ben Interactive,0.000,0.050,0.000,0.010,0.060
Exist Archive: The Other Side of the Sky,2015,Role-Playing,Aksys Games,0.020,0.000,0.030,0.000,0.060
King's Quest: The Complete Collection,2016,Adventure,Activision,0.050,0.000,0.000,0.010,0.060
Sine Mora,2017,Action,THQ Nordic,0.030,0.010,0.000,0.010,0.060
Aven Colony,2017,Strategy,Sold Out,0.040,0.010,0.000,0.010,0.060
Battle Chasers: Nightwar,2017,Role-Playing,THQ Nordic,0.030,0.020,0.000,0.010,0.060
WRC 5: FIA World Rally Championship,2015,Racing,Bigben Interactive,0.000,0.050,0.000,0.010,0.060
Black Mirror,2017,Adventure,THQ Nordic,0.040,0.000,0.000,0.010,0.050
Touhou Genso Wanderer,2017,Action,NIS America,0.040,0.000,0.000,0.010,0.050
Arcania: Gothic 4,2015,Role-Playing,Nordic Games,0.040,0.000,0.000,0.010,0.050
Starblood Arena VR,2017,Shooter,Sony Interactive Entertainment,0.040,0.000,0.000,0.010,0.050
Hellblade,2018,Action-Adventure,505 Games,0.030,0.010,0.000,0.010,0.050
Bubsy: The Woolies Strike Back,2017,Platform,Accolade,0.040,0.000,0.000,0.010,0.050
Nitroplus Blasterz: Heroines Infinite Duel,2015,Fighting,Marvelous Interactive,0.010,0.010,0.030,0.000,0.050
Nobunaga's Ambition: Creation,2014,Strategy,Tecmo Koei,0.040,0.000,0.000,0.010,0.050
Child of Light,2014,Role-Playing,Ubisoft,0.000,0.010,0.040,0.000,0.050
Phantasy Star Online 2 Episode 4: Deluxe Package,2017,Role-Playing,Sega,0.000,0.000,0.050,0.000,0.050
Saints Row: Gat out of Hell,2015,Action,Deep Silver,0.000,0.040,0.000,0.010,0.050
Werewolves Within,2016,Misc,Ubisoft,0.040,0.000,0.000,0.010,0.050
Demon Gaze 2,2017,Role-Playing,NIS America,0.040,0.000,0.000,0.010,0.050
Real Farm,2017,Simulation,Soedesco,0.040,0.000,0.000,0.010,0.050
Worms: WMD,2016,Strategy,Team17 Digital Ltd,0.020,0.020,0.000,0.010,0.050
Syberia III,2017,Adventure,Microids,0.040,0.000,0.000,0.010,0.050
Sengoku Basara: Sanada Yukimura-Den,2016,Action,Capcom,0.000,0.000,0.050,0.000,0.050
Sengoku Basara 4: Sumeragi,2015,Action,Capcom,0.000,0.000,0.050,0.000,0.050
Sbastien Loeb Rally Evo,2016,Racing,Milestone S.r.l,0.000,0.040,0.000,0.010,0.050
Don't Starve,2018,Adventure,505 Games,0.040,0.000,0.000,0.010,0.050
Monster Jam: Crush It,2016,Racing,GameMill,0.040,0.000,0.000,0.010,0.050
Prison Architect,2016,Simulation,Introversion Software,0.020,0.020,0.000,0.010,0.050
Assault Suit Leynos,2016,Shooter,Rising Star Games,0.040,0.000,0.000,0.010,0.050
Tokyo Twilight Ghost Hunters Daybreak: Special Gigs,2016,Adventure,NIS America,0.040,0.000,0.000,0.010,0.050
Overcooked,2016,Action,Sold Out,0.040,0.000,0.000,0.010,0.050
Ben 10 (2017),2017,Action,Outright Games,0.040,0.000,0.000,0.010,0.050
Dead Alliance,2017,Shooter,Maximum Games,0.040,0.000,0.000,0.010,0.040
Deer Hunter Reloaded,2017,Shooter,Maximum Games,0.040,0.000,0.000,0.010,0.040
That's You,2017,Party,Sony Interactive Entertainment,0.040,0.000,0.000,0.010,0.040
Raid: World War II,2017,Shooter,505 Games,0.040,0.000,0.000,0.010,0.040
Hyperdimension Neptunia Victory II,2015,Role-Playing,Idea Factory International,0.000,0.000,0.040,0.000,0.040
Zero Escape The Nonary Games,2017,Adventure,Aksys Games,0.030,0.000,0.010,0.010,0.040
Rugby Challenge 3,2016,Sports,Alternative Software,0.000,0.040,0.000,0.010,0.040
Vikings: Wolves of Midgard,2017,Action,Kalypso Media,0.030,0.010,0.000,0.010,0.040
INSIDE / LIMBO Double Pack,2017,Platform,505 Games,0.040,0.000,0.000,0.010,0.040
The Talos Principle,2015,Puzzle,Nighthawk Interactive,0.000,0.040,0.000,0.010,0.040
Megadimension Neptunia VIIR,2017,Role-Playing,Compile Heart,0.010,0.000,0.030,0.000,0.040
R.B.I. Baseball 2016,2016,Sports,MLB.com,0.040,0.000,0.000,0.010,0.040
Pure Farming 2018,2018,Simulation,Techland,0.020,0.010,0.000,0.010,0.040
Air Conflicts: Secret Wars,2016,Simulation,Nighthawk Interactive,0.030,0.000,0.000,0.010,0.040
Anima - Gate of Memories,2016,Action,Avanquest,0.010,0.020,0.000,0.010,0.040
Axiom Verge,2017,Action,Badland Studio,0.030,0.000,0.000,0.010,0.040
Unbox: Newbie's Adventure,2017,Action,Merge Games,0.030,0.000,0.000,0.010,0.040
Here They Lie,2016,Adventure,Sony Interactive Entertainment,0.000,0.030,0.000,0.010,0.040
Under Night In-Birth Exe:Latest,2017,Fighting,Arc System Works,0.010,0.000,0.030,0.000,0.040
Aragami,2016,Action,Maximum Games,0.030,0.000,0.000,0.010,0.040
Yonder: The Cloud Catcher Chronicles,2017,Action,CokeM Interactive,0.030,0.000,0.000,0.010,0.040
Assassin's Creed Chronicles: China,2015,Action-Adventure,Ubisoft,0.000,0.030,0.000,0.010,0.040
JoJo's Bizarre Adventure: Eyes of Heaven,2015,Fighting,Namco Bandai Games,0.000,0.000,0.040,0.000,0.040
Dungeons 3,2017,Strategy,Kalypso Media,0.030,0.000,0.000,0.010,0.040
Tour de France 2014,2014,Sports,Focus Home Interactive,0.000,0.030,0.000,0.010,0.040
Danganronpa Another Episode: Ultra Despair Girls,2017,Shooter,NIS America,0.030,0.000,0.010,0.010,0.040
Aegis of Earth: Protonovus Assault,2016,Action,PQube,0.030,0.010,0.000,0.010,0.040
Just Sing,2016,Music,Ubisoft,0.030,0.000,0.000,0.010,0.040
Wonder Boy: The Dragon's Trap (Remake),2018,Platform,Nicalis,0.030,0.000,0.000,0.010,0.040
Lumo,2016,Puzzle,Rising Star Games,0.030,0.000,0.000,0.010,0.040
ABZU,2017,Adventure,505 Games,0.030,0.000,0.000,0.010,0.040
Shadow Tactics: Blades of the Shogun,2017,Strategy,Kalypso Media,0.020,0.010,0.000,0.010,0.040
Darkest Dungeon,2018,Role-Playing,Merge Games,0.020,0.000,0.010,0.010,0.040
R.B.I. Baseball 2017,2017,Sports,MLB.com,0.030,0.000,0.000,0.010,0.040
Punch Line,2015,Adventure,5pb,0.030,0.000,0.000,0.010,0.040
VR Karts,2017,Racing,Perp Games,0.030,0.000,0.000,0.010,0.040
Resident Evil: Umbrella Corps,2016,Shooter,Capcom,0.000,0.000,0.040,0.000,0.040
Marvel Pinball: Epic Collection Volume 1,2016,Puzzle,Nighthawk Interactive,0.030,0.000,0.000,0.010,0.040
God Eater Off Shot: Lindow-hen Twin Pack & Animation Vol. 2,2015,Misc,Namco Bandai Games,0.000,0.000,0.040,0.000,0.040
Infamous: First Light,2014,Action,Sony Computer Entertainment,0.000,0.030,0.000,0.000,0.030
Raiden V,2017,Action,UFO Interactive,0.020,0.000,0.000,0.010,0.030
The Peanuts Movie: Snoopy's Grand Adventure,2015,Platform,Activision,0.000,0.030,0.000,0.000,0.030
The Dwarves,2016,Role-Playing,THQ Nordic,0.030,0.000,0.000,0.010,0.030
Dynasty Warriors: Eiketsuden,2016,Strategy,Tecmo Koei,0.000,0.000,0.030,0.000,0.030
Winning Post 8 2016,2016,Simulation,Tecmo Koei,0.000,0.000,0.030,0.000,0.030
Dragon's Dogma Online: Season 2,2016,Action,Capcom,0.000,0.000,0.030,0.000,0.030
Coven and Labyrinth of Refrain,2017,Action,Nippon Ichi Software,0.010,0.000,0.010,0.000,0.030
Super Dungeon Bros,2016,Action,Wired Productions,0.020,0.000,0.000,0.010,0.030
Blade Arcus from Shining EX,2015,Fighting,Sega,0.000,0.000,0.030,0.000,0.030
Troll and I,2017,Action,Maximum Games,0.020,0.000,0.000,0.010,0.030
The Pillars of the Earth,2017,Adventure,Kalypso Media,0.020,0.000,0.000,0.010,0.030
The Lost Child,2017,Action,Kadokawa Games,0.010,0.000,0.010,0.000,0.030
Romance of the Three Kingdoms 13 with Power-Up Kit,2017,Misc,Tecmo Koei,0.000,0.000,0.030,0.000,0.030
Koihime Enbu,2016,Fighting,Yeti,0.000,0.000,0.030,0.000,0.030
Road Rage,2017,Racing,Maximum Games,0.020,0.000,0.000,0.010,0.030
Winning Post 8 2017,2017,Misc,Tecmo Koei,0.000,0.000,0.030,0.000,0.030
Dino Dini's Kick Off Revival,2016,Sports,Avanquest,0.000,0.020,0.000,0.000,0.030
God Eater Off Shot:Shiou-hen Twin Pack & Animation Vol.5,2016,Misc,Namco Bandai Games,0.000,0.000,0.030,0.000,0.030
Tumblestone,2016,Puzzle,Nighthawk Interactive,0.020,0.000,0.000,0.010,0.030
Blackguards 2,2017,Strategy,Kalypso Media,0.020,0.000,0.000,0.010,0.030
Baja: Edge of Control HD,2017,Racing,THQ Nordic,0.020,0.000,0.000,0.010,0.030
Crows: Burning Edge,2016,Action,Namco Bandai Games,0.000,0.000,0.030,0.000,0.030
Geometry Wars 3: Dimensions Evolved,2016,Action,Activision,0.020,0.000,0.000,0.010,0.030
We Sing (2016),2016,Music,THQ Nordic,0.020,0.000,0.000,0.010,0.030
Shin Hayarigami 2,2016,Adventure,Nippon Ichi Software,0.000,0.000,0.030,0.000,0.030
The Town of Light,2017,Adventure,Wired Productions,0.020,0.000,0.000,0.010,0.030
OlliOlli: Epic Combo Edition,2016,Platform,Badland Studio,0.020,0.000,0.000,0.010,0.030
Naruto Shippuden Ultimate Ninja Storm 4: Road to Boruto,2017,Fighting,Namco Bandai Games,0.000,0.000,0.030,0.000,0.030
Ao no Kanata no Four Rhythm,2017,Visual Novel,Sprite,0.000,0.000,0.030,0.000,0.030
Zero Escape: Zero Time Dilemma,2017,Adventure,Aksys Games,0.020,0.000,0.000,0.000,0.030
AereA,2017,Role-Playing,Soedesco,0.020,0.000,0.000,0.000,0.030
Root Letter,2016,Visual Novel,PQube,0.000,0.000,0.030,0.000,0.030
ClaDun Sengoku,2017,Action,NIS America,0.020,0.000,0.000,0.000,0.030
The Girl and the Robot,2017,Misc,Soedesco,0.020,0.000,0.000,0.000,0.030
Omega Quintet,2014,Role-Playing,Compile Heart,0.000,0.000,0.020,0.000,0.030
Touhou Kobuto V: Burst Battle,2017,Shooter,NIS America,0.020,0.000,0.000,0.000,0.030
God Eater Off Shot: Soma Shikkuzaru-hen Twin Pack & Animation Vol.4,2016,Action,Namco Bandai Games,0.000,0.000,0.020,0.000,0.020
Rugby League Live 3,2015,Sports,Tru Blu Entertainment,0.000,0.020,0.000,0.000,0.020
Omega Labyrinth Z,2017,Role-Playing,D3Publisher,0.000,0.000,0.020,0.000,0.020
Lost Sphear,2017,Role-Playing,Square Enix,0.000,0.000,0.020,0.000,0.020
Superbeat: Xonic,2017,Music,PM Studios,0.020,0.000,0.000,0.000,0.020
Republique,2016,Action-Adventure,Gunho Online Entertainment,0.000,0.010,0.010,0.000,0.020
Super Stardust Ultra VR,2016,Shooter,Sony Interactive Entertainment,0.000,0.020,0.000,0.000,0.020
Redout,2017,Racing,505 Games,0.020,0.000,0.000,0.000,0.020
Resident Evil: Value Pack,2016,Action-Adventure,Capcom,0.000,0.000,0.020,0.000,0.020
God Eater Off Shot: Tachibana Sakuya-hen Twin Pack & Animation Vol.7,2016,Action,Namco Bandai Games,0.000,0.000,0.020,0.000,0.020
PaRappa the Rapper Remastered,2017,Music,Sony Interactive Entertainment,0.000,0.000,0.020,0.000,0.020
Earth's Dawn,2016,Action,Rising Star Games,0.020,0.000,0.000,0.000,0.020
Big Buck Hunter Arcade,2016,Shooter,GameMill Entertainment,0.020,0.000,0.000,0.000,0.020
Dungeons 2,2016,Role-Playing,Kalypso Media,0.020,0.000,0.000,0.000,0.020
Tricky Towers,2017,Puzzle,Soedesco,0.020,0.000,0.000,0.000,0.020
No Heroes Allowed! VR,2017,Strategy,Sony Interactive Entertainment,0.000,0.000,0.020,0.000,0.020
ArmaGallant: Decks of Destiny,2017,Strategy,Maximum Games,0.020,0.000,0.000,0.000,0.020
Carmageddon: Max Damage,2016,Action,Stainless Games,0.020,0.000,0.000,0.000,0.020
Armello,2018,Strategy,League of Geeks,0.020,0.000,0.000,0.000,0.020
Shaq-Fu: A Legend Reborn,2018,Action,Wired Productions,0.020,0.000,0.000,0.000,0.020
Patapon Remastered,2017,Music,Sony Interactive Entertainment,0.000,0.000,0.020,0.000,0.020
Monster Hunter Frontier Z: Beginner's Package,2016,Action,Capcom,0.000,0.000,0.020,0.000,0.020
Professional Farmer 2016,2015,Action,Namco Bandai Games,0.000,0.020,0.000,0.000,0.020
Natsuiro High School: Seishun Hakusho,2015,Action,D3Publisher,0.000,0.000,0.020,0.000,0.020
The Inner World: The Last Wind Monk,2017,Puzzle,Kalypso Media,0.020,0.000,0.000,0.000,0.020
SteamWorld Collection,2016,Misc,Rising Star Games,0.020,0.000,0.000,0.000,0.020
Konoyo no Hate de Koi o Utau Shoujo: Yu-No,2017,Visual Novel,5pb,0.000,0.000,0.020,0.000,0.020
God Eater Off Shot: Fujiki Kota-hen Twin Pack & Animation Vol.6,2016,Misc,Namco Bandai Games,0.000,0.000,0.020,0.000,0.020
Genkai Tokki: Castle Panzers,2017,Role-Playing,Compile Heart,0.000,0.000,0.020,0.000,0.020
Skullgirls: 2nd Encore,2016,Fighting,Arc System Works,0.000,0.000,0.020,0.000,0.020
This Is The Police,2017,Simulation,THQ Nordic,0.010,0.000,0.000,0.000,0.020
Rabbids Invasion: The Interactive TV Show,2014,Misc,Ubisoft,0.000,0.010,0.000,0.000,0.020
FlatOut 4: Total Insanity,2017,Racing,Bigben Interactive,0.010,0.000,0.000,0.000,0.020
Chaos;Child,2015,Visual Novel,PQube,0.000,0.000,0.020,0.000,0.020
Touhou Shinhiroku: Urban Legend in Limbo,2016,Fighting,Mediascape,0.000,0.000,0.020,0.000,0.020
Rogue Trooper: Redux,2017,Shooter,Rebellion,0.010,0.000,0.000,0.000,0.020
Space Hulk: Deathwing,2015,Shooter,Focus Home Interactive,0.000,0.010,0.000,0.000,0.020
Pharaonic,2017,Action,Soedesco,0.010,0.000,0.000,0.000,0.020
White Day,2017,Action,PQube,0.000,0.010,0.010,0.000,0.020
Torment: Tides of Numenera,2017,Role-Playing,Techland,0.010,0.000,0.000,0.000,0.010
Let It Die,2017,Action,GungHo,0.000,0.010,0.010,0.000,0.010
Summer Lesson: Miyamoto Hikari Collection,2017,Adventure,Namco Bandai Games,0.000,0.000,0.010,0.000,0.010
Raven's Cry,2015,Role-Playing,TopWare Interactive,0.000,0.010,0.000,0.000,0.010
New Game! The Challenge Stage!,2017,Adventure,5pb,0.000,0.000,0.010,0.000,0.010
Hakoniwa Company Works,2017,Strategy,Nippon Ichi Software,0.000,0.000,0.010,0.000,0.010
DJ Max Respect,2017,Misc,Arc System Works,0.000,0.000,0.010,0.000,0.010
Battle Worlds: Kronos,2016,Strategy,Nordic Games,0.010,0.000,0.000,0.000,0.010
Dragon's Dogma Online: Season 3,2017,Role-Playing,Capcom,0.000,0.000,0.010,0.000,0.010
Occultic;Nine,2017,Adventure,5pb,0.000,0.000,0.010,0.000,0.010
Kono Subarashii Sekai ni Shukufuku o! Kono Yokubukai Game ni Shinpan o!,2017,Adventure,5pb,0.000,0.000,0.010,0.000,0.010
Battle Garegga Rev.2016,2016,Strategy,M2,0.000,0.000,0.010,0.000,0.010
Yahari Game Demo Ore no Seishun Love-Kome wa Machigatteiru. & Zoku: Oatome Set,2017,Adventure,5pb,0.000,0.000,0.010,0.000,0.010
Farming 2017 - The Simulation,2016,Simulation,UIG Entertainment,0.000,0.010,0.000,0.000,0.010
Re:Zero - Kara Hajimeru Isekai Seikatsu - Death or Kiss,2017,Adventure,5pb,0.000,0.000,0.010,0.000,0.010
Zombie Vikings,2016,Action,Rising Star Games,0.000,0.010,0.000,0.000,0.010
ATV Renegades,2017,Racing,Nighthawk Interactive,0.010,0.000,0.000,0.000,0.010
Ziggurat,2016,Shooter,Soedesco,0.000,0.010,0.000,0.000,0.010
Chaos;Child: Love Chu Chu!!,2017,Visual Novel,5pb,0.000,0.000,0.010,0.000,0.010
Moto Racer 4,2016,Racing,PQube,0.010,0.000,0.000,0.000,0.010
LocoRoco Remastered,2017,Platform,Sony Interactive Entertainment,0.000,0.000,0.010,0.000,0.010
Lock's Quest,2017,Strategy,THQ Nordic,0.010,0.000,0.000,0.000,0.010
Gal Gun: Double Peace,2015,Action,PQube,0.000,0.000,0.010,0.000,0.010
Woodcutter Simulator 2016,2015,Action,Namco Bandai Games,0.000,0.010,0.000,0.000,0.010
Akiba's Trip 2+A,2017,Adventure,Acquire,0.000,0.000,0.010,0.000,0.010
Date-A-Live Twin Edition: Rio Reincarnation,2017,Adventure,Compile Heart,0.000,0.000,0.010,0.000,0.010
Valhalla Hills,2017,Strategy,Kalypso Media,0.010,0.000,0.000,0.000,0.010
Deception IV: Blood Ties,2015,Action,Tecmo Koei,0.000,0.000,0.010,0.000,0.010
One Piece: Unlimited World Red,2017,Action,Namco Bandai Games,0.000,0.000,0.010,0.000,0.010
Hyper Light Drifter,2017,Role-Playing,Active Gaming Media,0.000,0.000,0.010,0.000,0.010
Teslagrad,2014,Platform,Rain Games,0.000,0.010,0.000,0.000,0.010
Darius Burst: Chronicle Saviours,2017,Action,Kadokawa Games,0.000,0.000,0.010,0.000,0.010
The Escapists: The Walking Dead,2016,Action,Team17 Software,0.000,0.000,0.000,0.000,0.010
Super Meat Boy,2016,Platform,Team Meat,0.000,0.000,0.000,0.000,0.010
Blood Bowl 2,2015,Sports,Focus Home Interactive,0.000,0.000,0.000,0.000,0.000
The Witness,2016,Misc,"Thekla, Inc.",0.000,0.000,0.000,0.000,0.000
Quantic Dream Collection,2015,Action,Sony Computer Entertainment,0.000,0.000,0.000,0.000,0.000
Iwaihime: Matsuri,2017,Adventure,Nippon Ichi Software,0.000,0.000,0.000,0.000,0.000
RepKiss,2017,Adventure,Entergram,0.000,0.000,0.000,0.000,0.000
War Thunder,2017,Action,DMM Games,0.000,0.000,0.000,0.000,0.000
Tsuihou Senkyo,2017,Adventure,Nippon Ichi Software,0.000,0.000,0.000,0.000,0.000
Hustle Kings VR,2016,Sports,Sony Interactive Entertainment,0.000,0.000,0.000,0.000,0.000
Toki Tori 2+,2016,Puzzle,Two Tribes,0.000,0.000,0.000,0.000,0.000
Deception IV: The Nightmare Princess,2015,Action,Tecmo Koei,0.000,0.000,0.000,0.000,0.000
Kingdom Hearts HD I.5 + II.5 ReMIX,2017,Action,Square Enix,0.000,0.000,0.000,0.000,0.000
Fushigi no Chronicle: Furikaerimasen Katsu Madewa,2015,Action,Spike Chunsoft,0.000,0.000,0.000,0.000,0.000
Agatha Christie: The ABC Murders,2016,Adventure,Microids,0.000,0.000,0.000,0.000,0.000
Ancients of Ooga - The Forgotten Chapters,2016,Platform,Koch Media,0.000,0.000,0.000,0.000,0.000
Blacklight: Retribution,2013,Misc,Perfect World Entertainment,0.000,0.000,0.000,0.000,0.000
Bladestorm: The Hundred Years' War,2015,Action,BioWare,0.000,0.000,0.000,0.000,0.000
Brothers in Arms: Furious 4,2019,Shooter,Ubisoft,0.000,0.000,0.000,0.000,0.000
DC Universe Online,2013,MMO,Sony Online Entertainment,0.000,0.000,0.000,0.000,0.000
Industry Giant II,2017,Strategy,UIG Entertainment,0.000,0.000,0.000,0.000,0.000
Kingdom Under Fire II,2014,Misc,Unknown,0.000,0.000,0.000,0.000,0.000
Mount & Blade: Warband,2016,Role-Playing,Taleworlds,0.000,0.000,0.000,0.000,0.000
Psychonauts,2017,Action,Sony Interactive Entertainment,0.000,0.000,0.000,0.000,0.000
Resident Evil 5,2016,Action,Capcom,0.000,0.000,0.000,0.000,0.000
The Amazing Spider-Man 2,2014,Misc,Activision,0.000,0.000,0.000,0.000,0.000
Ether One,2015,Adventure,Soedesco,0.000,0.000,0.000,0.000,0.000
Uncharted 2: Among Thieves,2016,Action,Sony Interactive Entertainment,0.000,0.000,0.000,0.000,0.000
Uncharted 3: Drake's Deception,2016,Action,Sony Interactive Entertainment,0.000,0.000,0.000,0.000,0.000
Uncharted: Drake's Fortune,2016,Action,Sony Interactive Entertainment,0.000,0.000,0.000,0.000,0.000
Awesomenauts,2014,Misc,DTP Entertainment,0.000,0.000,0.000,0.000,0.000
Broken Age,2015,Adventure,Nordic Games,0.000,0.000,0.000,0.000,0.000
Slender: The Arrival,2015,Adventure,Unknown,0.000,0.000,0.000,0.000,0.000
deep down (Working Title),2020,Misc,Capcom,0.000,0.000,0.000,0.000,0.000
Human Element,2015,Misc,Unknown,0.000,0.000,0.000,0.000,0.000
Whore of the Orient,2020,Misc,Warner Bros. Interactive Entertainment,0.000,0.000,0.000,0.000,0.000
Cyberpunk 2077,2018,Action-Adventure,CD Projekt Red Studio,0.000,0.000,0.000,0.000,0.000
Final Fantasy (PS4),2020,Misc,Square Enix,0.000,0.000,0.000,0.000,0.000
Contrast,2013,Misc,Compulsion Games,0.000,0.000,0.000,0.000,0.000
Carmageddon: Reincarnation,2015,Misc,Stainless Games,0.000,0.000,0.000,0.000,0.000
Rocketbirds 2: Evolution,2020,Misc,Unknown,0.000,0.000,0.000,0.000,0.000
Primal Carnage: Genesis,2020,Misc,Unknown,0.000,0.000,0.000,0.000,0.000
Kingdom Hearts III,2019,Role-Playing,Square Enix,0.000,0.000,0.000,0.000,0.000
Yaiba: Ninja Gaiden Z,2014,Misc,Tecmo Koei,0.000,0.000,0.000,0.000,0.000
Pinball Arcade,2013,Misc,FarSight Studios,0.000,0.000,0.000,0.000,0.000
Toukiden: The Age of Demons,2014,Action,Tecmo Koei,0.000,0.000,0.000,0.000,0.000
Reus,2016,Strategy,Soedesco,0.000,0.000,0.000,0.000,0.000
Strider (2014),2014,Platform,Capcom,0.000,0.000,0.000,0.000,0.000
EverQuest Next,2019,MMO,Sony Online Entertainment,0.000,0.000,0.000,0.000,0.000
Velocity 2X,2014,Action,Futurlab 1,0.000,0.000,0.000,0.000,0.000
Helldivers,2015,Action,Sony Computer Entertainment,0.000,0.000,0.000,0.000,0.000
WonderFlick,2014,Misc,Level 5,0.000,0.000,0.000,0.000,0.000
Monochroma,2014,Misc,Nowhere Studios,0.000,0.000,0.000,0.000,0.000
Lily Bergamo,2014,Misc,GungHo,0.000,0.000,0.000,0.000,0.000
Get Even,2015,Misc,Unknown,0.000,0.000,0.000,0.000,0.000
TowerFall,2014,Misc,Unknown,0.000,0.000,0.000,0.000,0.000
SOMA (2015),2015,Misc,Frictional Games,0.000,0.000,0.000,0.000,0.000
Cult County,2015,Misc,Renegade Kid,0.000,0.000,0.000,0.000,0.000
R.B.I. Baseball 14,2014,Misc,MLB.com,0.000,0.000,0.000,0.000,0.000
Blue EstateÊ,2014,Misc,Focus Home Interactive,0.000,0.000,0.000,0.000,0.000
Pure PoolÊ,2014,Misc,Triniti Interactive,0.000,0.000,0.000,0.000,0.000
Without Memory,2016,Misc,Unknown,0.000,0.000,0.000,0.000,0.000
Bombshell,2014,Misc,3D Realms,0.000,0.000,0.000,0.000,0.000
The Forest,2015,Action,Endnight Games LtdÊ,0.000,0.000,0.000,0.000,0.000
Falling Skies: The GameÊ,2015,Role-Playing,Little Orbit,0.000,0.000,0.000,0.000,0.000
EA Sports PGA Tour,2015,Sports,EA Sports,0.000,0.000,0.000,0.000,0.000
Dead Island 2,2017,Action,Deep Silver,0.000,0.000,0.000,0.000,0.000
Tetris UltimateÊ,2014,Puzzle,Ubisoft,0.000,0.000,0.000,0.000,0.000
Afro Samurai 2,2015,Action,Versus Evil,0.000,0.000,0.000,0.000,0.000
The Legend of Korra (2014),2014,Action,Activision,0.000,0.000,0.000,0.000,0.000
The Vanishing of Ethan CarterÊ,2015,Adventure,The Astronauts,0.000,0.000,0.000,0.000,0.000
Godzilla (2014),2014,Action,Namco Bandai Games,0.000,0.000,0.000,0.000,0.000
Gran Turismo 7,2020,Racing,Sony Computer Entertainment,0.000,0.000,0.000,0.000,0.000
Wild,2019,Adventure,Sony Interactive Entertainment,0.000,0.000,0.000,0.000,0.000
Tadeo Jones y el manuscrito perdido,2014,Adventure,Deep Silver,0.000,0.000,0.000,0.000,0.000
OlliOlli 2: Welcome to Olliwood,2016,Sports,PQube,0.000,0.000,0.000,0.000,0.000
Pathologic,2015,Adventure,Ice-pick Lodge,0.000,0.000,0.000,0.000,0.000
Rebel Galaxy,2015,Role-Playing,Double Damage Games,0.000,0.000,0.000,0.000,0.000
Assassin's Creed: Victory,2015,Action,Ubisoft,0.000,0.000,0.000,0.000,0.000
Silent Hills,2020,Action,Konami Digital Entertainment,0.000,0.000,0.000,0.000,0.000
Overlord: Fellowship of Evil,2015,Action,Codemasters,0.000,0.000,0.000,0.000,0.000
R.B.I. Baseball 15,2015,Sports,MLB.com,0.000,0.000,0.000,0.000,0.000
Wander,2015,Role-Playing,Wander MMO,0.000,0.000,0.000,0.000,0.000
Final Fantasy VII Remake,2019,Role-Playing,Square Enix,0.000,0.000,0.000,0.000,0.000
Ikenie to Yuki no Setsuna,2016,Role-Playing,Square Enix,0.000,0.000,0.000,0.000,0.000
Atelier Sophie,2020,Role-Playing,Gust,0.000,0.000,0.000,0.000,0.000
Dengeki Bunko: Fighting Climax Ignition,2015,Action,Sega,0.000,0.000,0.000,0.000,0.000
World Soccer Winning Eleven 2015,2015,Action,Konami Digital Entertainment,0.000,0.000,0.000,0.000,0.000
Cross Reverie,2017,Role-Playing,Sinxsoft,0.000,0.000,0.000,0.000,0.000
Airship Q,2019,Platform,Cygames,0.000,0.000,0.000,0.000,0.000
Killing Bites,2016,Action,Unknown,0.000,0.000,0.000,0.000,0.000
Tiny Troopers Joint Ops,2014,Action,Unknown,0.000,0.000,0.000,0.000,0.000
The London Heist,2016,Shooter,Sony Computer Entertainment,0.000,0.000,0.000,0.000,0.000
Risen 3 Enhanced Edition,2015,Role-Playing,Deep Silver,0.000,0.000,0.000,0.000,0.000
Air Conflicts: Pacific Carriers,2015,Simulation,Kalypso Media,0.000,0.000,0.000,0.000,0.000
God Wars: Beyond Time,2016,Role-Playing,Kadokawa Games,0.000,0.000,0.000,0.000,0.000
Hasbro Family Fun Pack,2015,Misc,Ubisoft,0.000,0.000,0.000,0.000,0.000
Professional Lumberjack 2016,2015,Simulation,Namco Bandai Games,0.000,0.000,0.000,0.000,0.000
Alekhine's Gun,2016,Action,Maximum Games,0.000,0.000,0.000,0.000,0.000
Kung Fu Panda: Showdown of Legendary Legends,2015,Action,Little Orbit,0.000,0.000,0.000,0.000,0.000
Bloodborne: Complete Edition,2015,Role-Playing,Sony Computer Entertainment,0.000,0.000,0.000,0.000,0.000
World to the West,2017,Action-Adventure,Soedesco,0.000,0.000,0.000,0.000,0.000
Days Gone,2019,Action-Adventure,Sony Interactive Entertainment,0.000,0.000,0.000,0.000,0.000
Berserk Musou,2016,Action,Tecmo Koei,0.000,0.000,0.000,0.000,0.000
Ginger: Beyond the Crystal,2016,Platform,PQube,0.000,0.000,0.000,0.000,0.000
The Last of Us: Part II,2019,Action,Sony Interactive Entertainment,0.000,0.000,0.000,0.000,0.000
Don Bradman Cricket 17,2016,Sports,Tru Blu Entertainment,0.000,0.000,0.000,0.000,0.000
Ace Combat 7: Skies Unknown,2019,Shooter,Bandai Namco Games,0.000,0.000,0.000,0.000,0.000
Metro Exodus,2019,Shooter,Deep Silver,0.000,0.000,0.000,0.000,0.000
Anthem,2019,Role-Playing,Electronic Arts,0.000,0.000,0.000,0.000,0.000
Moons Of Madness,2017,Role-Playing,Unknown,0.000,0.000,0.000,0.000,0.000
Iron Harvest,2018,Strategy,Unknown,0.000,0.000,0.000,0.000,0.000
Biomutant,2018,Action,THQ Nordic,0.000,0.000,0.000,0.000,0.000
Biomutant,2019,Action,THQ Nordic,0.000,0.000,0.000,0.000,0.000
de Blob,2017,Platform,THQ Nordic,0.000,0.000,0.000,0.000,0.000
Chaos on Deponia,2017,Adventure,Daedalic Entertainment,0.000,0.000,0.000,0.000,0.000
Code Vein,2018,Action,Bandai Namco Entertainment,0.000,0.000,0.000,0.000,0.000
Radial G Racing Revolved,2017,Racing,Tammeka Games,0.000,0.000,0.000,0.000,0.000
